ID	Name	Codepoint
0001	BLACK SUN WITH RAYS	U+2600
0002	CLOUD	U+2601
0003	UMBRELLA WITH RAIN DROPS	U+2614
0004	SNOWMAN WITHOUT SNOW	U+26C4
0005	HIGH VOLTAGE SIGN	U+26A1
0006	CYCLONE	U+1F300
0007	FOGGY	U+1F301
0008	CLOSED UMBRELLA	U+1F302
0009	NIGHT WITH STARS	U+1F303
0010	SUNRISE OVER MOUNTAINS	U+1F304
0011	SUNRISE	U+1F305
0012	CITYSCAPE AT DUSK	U+1F306
0013	SUNSET OVER BUILDINGS	U+1F307
0014	RAINBOW	U+1F308
0015	SNOWFLAKE	U+2744
0016	SUN BEHIND CLOUD	U+26C5
0017	BRIDGE AT NIGHT	U+1F309
0018	NEW MOON SYMBOL	U+1F311
0019	WAXING GIBBOUS MOON SYMBOL	U+1F314
0020	FIRST QUARTER MOON SYMBOL	U+1F313
0021	CRESCENT MOON	U+1F319
0022	FULL MOON SYMBOL	U+1F315
0023	FIRST QUARTER MOON WITH FACE	U+1F31B
0024	MOON VIEWING CEREMONY	U+1F391
0025	SOON WITH RIGHTWARDS ARROW ABOVE	U+1F51C
0026	ON WITH EXCLAMATION MARK WITH LEFT RIGHT ARROW	U+1F51B
0027	END WITH LEFTWARDS ARROW ABOVE	U+1F51A
0028	HOURGLASS WITH FLOWING SAND	U+23F3
0029	HOURGLASS	U+231B
0030	WATCH	U+231A
0031	CLOCK FACE ONE OCLOCK	U+1F550
0032	CLOCK FACE TWO OCLOCK	U+1F551
0033	CLOCK FACE THREE OCLOCK	U+1F552
0034	CLOCK FACE FOUR OCLOCK	U+1F553
0035	CLOCK FACE FIVE OCLOCK	U+1F554
0036	CLOCK FACE SIX OCLOCK	U+1F555
0037	CLOCK FACE SEVEN OCLOCK	U+1F556
0038	CLOCK FACE EIGHT OCLOCK	U+1F557
0039	CLOCK FACE NINE OCLOCK	U+1F558
0040	CLOCK FACE TEN OCLOCK	U+1F559
0041	CLOCK FACE ELEVEN OCLOCK	U+1F55A
0042	CLOCK FACE TWELVE OCLOCK	U+1F55B
0043	ALARM CLOCK	U+23F0
0044	ARIES	U+2648
0045	TAURUS	U+2649
0046	GEMINI	U+264A
0047	CANCER	U+264B
0048	LEO	U+264C
0049	VIRGO	U+264D
0050	LIBRA	U+264E
0051	SCORPIUS	U+264F
0052	SAGITTARIUS	U+2650
0053	CAPRICORN	U+2651
0054	AQUARIUS	U+2652
0055	PISCES	U+2653
0056	OPHIUCHUS	U+26CE
0057	WATER WAVE	U+1F30A
0058	EARTH GLOBE ASIAAUSTRALIA	U+1F30F
0059	VOLCANO	U+1F30B
0060	MILKY WAY	U+1F30C
0061	FOUR LEAF CLOVER	U+1F340
0062	TULIP	U+1F337
0063	SEEDLING	U+1F331
0064	MAPLE LEAF	U+1F341
0065	CHERRY BLOSSOM	U+1F338
0066	ROSE	U+1F339
0067	FALLEN LEAF	U+1F342
0068	LEAF FLUTTERING IN WIND	U+1F343
0069	JAPANESE SYMBOL FOR BEGINNER	U+1F530
0070	HIBISCUS	U+1F33A
0071	SUNFLOWER	U+1F33B
0072	PALM TREE	U+1F334
0073	CACTUS	U+1F335
0074	EAR OF RICE	U+1F33E
0075	EAR OF MAIZE	U+1F33D
0076	MUSHROOM	U+1F344
0077	CHESTNUT	U+1F330
0078	BLOSSOM	U+1F33C
0079	HERB	U+1F33F
0080	CHERRIES	U+1F352
0081	BANANA	U+1F34C
0082	RED APPLE	U+1F34E
0083	TANGERINE	U+1F34A
0084	STRAWBERRY	U+1F353
0085	WATERMELON	U+1F349
0086	TOMATO	U+1F345
0087	AUBERGINE	U+1F346
0088	MELON	U+1F348
0089	PINEAPPLE	U+1F34D
0090	GRAPES	U+1F347
0091	PEACH	U+1F351
0092	GREEN APPLE	U+1F34F
0093	EYES	U+1F440
0094	EAR	U+1F442
0095	NOSE	U+1F443
0096	MOUTH	U+1F444
0097	TONGUE	U+1F445
0098	LIPSTICK	U+1F484
0099	NAIL POLISH	U+1F485
0100	FACE MASSAGE	U+1F486
0101	HAIRCUT	U+1F487
0102	BARBER POLE	U+1F488
0103	BUST IN SILHOUETTE	U+1F464
0104	BOY	U+1F466
0105	GIRL	U+1F467
0106	MAN	U+1F468
0107	WOMAN	U+1F469
0108	FAMILY	U+1F46A
0109	MAN AND WOMAN HOLDING HANDS	U+1F46B
0110	POLICE OFFICER	U+1F46E
0111	WOMAN WITH BUNNY EARS	U+1F46F
0112	BRIDE WITH VEIL	U+1F470
0113	PERSON WITH BLOND HAIR	U+1F471
0114	MAN WITH GUA PI MAO	U+1F472
0115	MAN WITH TURBAN	U+1F473
0116	OLDER MAN	U+1F474
0117	OLDER WOMAN	U+1F475
0118	BABY	U+1F476
0119	CONSTRUCTION WORKER	U+1F477
0120	PRINCESS	U+1F478
0121	JAPANESE OGRE	U+1F479
0122	JAPANESE GOBLIN	U+1F47A
0123	GHOST	U+1F47B
0124	BABY ANGEL	U+1F47C
0125	EXTRATERRESTRIAL ALIEN	U+1F47D
0126	ALIEN MONSTER	U+1F47E
0127	IMP	U+1F47F
0128	SKULL	U+1F480
0129	INFORMATION DESK PERSON	U+1F481
0130	GUARDSMAN	U+1F482
0131	DANCER	U+1F483
0132	DOG FACE	U+1F436
0133	CAT FACE	U+1F431
0134	SNAIL	U+1F40C
0135	BABY CHICK	U+1F424
0136	FRONTFACING BABY CHICK	U+1F425
0137	PENGUIN	U+1F427
0138	FISH	U+1F41F
0139	HORSE FACE	U+1F434
0140	PIG FACE	U+1F437
0141	TIGER FACE	U+1F42F
0142	BEAR FACE	U+1F43B
0143	MOUSE FACE	U+1F42D
0144	SPOUTING WHALE	U+1F433
0145	MONKEY FACE	U+1F435
0146	OCTOPUS	U+1F419
0147	SPIRAL SHELL	U+1F41A
0148	DOLPHIN	U+1F42C
0149	BIRD	U+1F426
0150	TROPICAL FISH	U+1F420
0151	HAMSTER FACE	U+1F439
0152	BUG	U+1F41B
0153	ELEPHANT	U+1F418
0154	KOALA	U+1F428
0155	MONKEY	U+1F412
0156	SHEEP	U+1F411
0157	WOLF FACE	U+1F43A
0158	COW FACE	U+1F42E
0159	RABBIT FACE	U+1F430
0160	SNAKE	U+1F40D
0161	CHICKEN	U+1F414
0162	BOAR	U+1F417
0163	BACTRIAN CAMEL	U+1F42B
0164	FROG FACE	U+1F438
0165	POODLE	U+1F429
0166	BLOWFISH	U+1F421
0167	ANT	U+1F41C
0168	PAW PRINTS	U+1F43E
0169	TURTLE	U+1F422
0170	HATCHING CHICK	U+1F423
0171	DRAGON FACE	U+1F432
0172	PANDA FACE	U+1F43C
0173	PIG NOSE	U+1F43D
0174	HONEYBEE	U+1F41D
0175	LADY BEETLE	U+1F41E
0176	ANGRY FACE	U+1F620
0177	WEARY FACE	U+1F629
0178	ASTONISHED FACE	U+1F632
0179	DISAPPOINTED FACE	U+1F61E
0180	DIZZY FACE	U+1F635
0181	FACE WITH OPEN MOUTH AND COLD SWEAT	U+1F630
0182	UNAMUSED FACE	U+1F612
0183	SMILING FACE WITH HEARTSHAPED EYES	U+1F60D
0184	FACE WITH LOOK OF TRIUMPH	U+1F624
0185	FACE WITH STUCKOUT TONGUE AND WINKING EYE	U+1F61C
0186	FACE WITH STUCKOUT TONGUE AND TIGHTLYCLOSED	U+1F61D
0187	FACE SAVOURING DELICIOUS FOOD	U+1F60B
0188	FACE THROWING A KISS	U+1F618
0189	KISSING FACE WITH CLOSED EYES	U+1F61A
0190	FACE WITH MEDICAL MASK	U+1F637
0191	FLUSHED FACE	U+1F633
0192	SMILING FACE WITH OPEN MOUTH	U+1F603
0193	SMILING FACE WITH OPEN MOUTH AND COLD SWEAT	U+1F605
0194	SMILING FACE WITH OPEN MOUTH AND TIGHTLYCLOSED EYES	U+1F606
0195	GRINNING FACE WITH SMILING EYES	U+1F601
0196	FACE WITH TEARS OF JOY	U+1F602
0197	SMILING FACE WITH SMILING EYES	U+1F60A
0198	WHITE SMILING FACE	U+263A
0199	SMILING FACE WITH OPEN MOUTH AND SMILING EYES	U+1F604
0200	CRYING FACE	U+1F622
0201	LOUDLY CRYING FACE	U+1F62D
0202	FEARFUL FACE	U+1F628
0203	PERSEVERING FACE	U+1F623
0204	POUTING FACE	U+1F621
0205	RELIEVED FACE	U+1F60C
0206	CONFOUNDED FACE	U+1F616
0207	PENSIVE FACE	U+1F614
0208	FACE SCREAMING IN FEAR	U+1F631
0209	SLEEPY FACE	U+1F62A
0210	SMIRKING FACE	U+1F60F
0211	FACE WITH COLD SWEAT	U+1F613
0212	DISAPPOINTED BUT RELIEVED FACE	U+1F625
0213	TIRED FACE	U+1F62B
0214	WINKING FACE	U+1F609
0215	SMILING CAT FACE WITH OPEN MOUTH	U+1F63A
0216	GRINNING CAT FACE WITH SMILING EYES	U+1F638
0217	CAT FACE WITH TEARS OF JOY	U+1F639
0218	KISSING CAT FACE WITH CLOSED EYES	U+1F63D
0219	SMILING CAT FACE WITH HEARTSHAPED EYES	U+1F63B
0220	CRYING CAT FACE	U+1F63F
0221	POUTING CAT FACE	U+1F63E
0222	CAT FACE WITH WRY SMILE	U+1F63C
0223	WEARY CAT FACE	U+1F640
0224	FACE WITH NO GOOD GESTURE	U+1F645
0225	FACE WITH OK GESTURE	U+1F646
0226	PERSON BOWING DEEPLY	U+1F647
0227	SEENOEVIL MONKEY	U+1F648
0228	SPEAKNOEVIL MONKEY	U+1F64A
0229	HEARNOEVIL MONKEY	U+1F649
0230	HAPPY PERSON RAISING ONE HAND	U+1F64B
0231	PERSON RAISING BOTH HANDS IN CELEBRATION	U+1F64C
0232	PERSON FROWNING	U+1F64D
0233	PERSON WITH POUTING FACE	U+1F64E
0234	PERSON WITH FOLDED HANDS	U+1F64F
0235	HOUSE BUILDING	U+1F3E0
0236	HOUSE WITH GARDEN	U+1F3E1
0237	OFFICE BUILDING	U+1F3E2
0238	JAPANESE POST OFFICE	U+1F3E3
0239	HOSPITAL	U+1F3E5
0240	BANK	U+1F3E6
0241	AUTOMATED TELLER MACHINE	U+1F3E7
0242	HOTEL	U+1F3E8
0243	LOVE HOTEL	U+1F3E9
0244	CONVENIENCE STORE	U+1F3EA
0245	SCHOOL	U+1F3EB
0246	CHURCH	U+26EA
0247	FOUNTAIN	U+26F2
0248	DEPARTMENT STORE	U+1F3EC
0249	JAPANESE CASTLE	U+1F3EF
0250	EUROPEAN CASTLE	U+1F3F0
0251	FACTORY	U+1F3ED
0252	ANCHOR	U+2693
0253	IZAKAYA LANTERN	U+1F3EE
0254	MOUNT FUJI	U+1F5FB
0255	TOKYO TOWER	U+1F5FC
0256	STATUE OF LIBERTY	U+1F5FD
0257	SILHOUETTE OF JAPAN	U+1F5FE
0258	MOYAI	U+1F5FF
0259	WRENCH	U+1F527
0260	HAMMER	U+1F528
0261	NUT AND BOLT	U+1F529
0262	MANS SHOE	U+1F45E
0263	ATHLETIC SHOE	U+1F45F
0264	EYEGLASSES	U+1F453
0265	TSHIRT	U+1F455
0266	JEANS	U+1F456
0267	CROWN	U+1F451
0268	TRIDENT EMBLEM	U+1F531
0269	NECKTIE	U+1F454
0270	WOMANS HAT	U+1F452
0271	DRESS	U+1F457
0272	HIGHHEELED SHOE	U+1F460
0273	WOMANS SANDAL	U+1F461
0274	WOMANS BOOTS	U+1F462
0275	KIMONO	U+1F458
0276	BIKINI	U+1F459
0277	WOMANS CLOTHES	U+1F45A
0278	PURSE	U+1F45B
0279	MONEY BAG	U+1F4B0
0280	CURRENCY EXCHANGE	U+1F4B1
0281	CHART WITH UPWARDS TREND AND YEN SIGN	U+1F4B9
0282	HEAVY DOLLAR SIGN	U+1F4B2
0283	CREDIT CARD	U+1F4B3
0284	BANKNOTE WITH YEN SIGN	U+1F4B4
0285	BANKNOTE WITH DOLLAR SIGN	U+1F4B5
0286	MONEY WITH WINGS	U+1F4B8
0287	REGIONAL INDICATOR SYMBOL LETTERS JP	U+1F1EF-U+1F1F5
0288	REGIONAL INDICATOR SYMBOL LETTERS US	U+1F1FA-U+1F1F8
0289	REGIONAL INDICATOR SYMBOL LETTERS FR	U+1F1EB-U+1F1F7
0290	REGIONAL INDICATOR SYMBOL LETTERS DE	U+1F1E9-U+1F1EA
0291	REGIONAL INDICATOR SYMBOL LETTERS IT	U+1F1EE-U+1F1F9
0292	REGIONAL INDICATOR SYMBOL LETTERS GB	U+1F1EC-U+1F1E7
0293	REGIONAL INDICATOR SYMBOL LETTERS ES	U+1F1EA-U+1F1F8
0294	REGIONAL INDICATOR SYMBOL LETTERS RU	U+1F1F7-U+1F1FA
0295	REGIONAL INDICATOR SYMBOL LETTERS CN	U+1F1E8-U+1F1F3
0296	REGIONAL INDICATOR SYMBOL LETTERS KR	U+1F1F0-U+1F1F7
0297	CAMERA	U+1F4F7
0298	HANDBAG	U+1F45C
0299	POUCH	U+1F45D
0300	BELL	U+1F514
0301	DOOR	U+1F6AA
0302	PILE OF POO	U+1F4A9
0303	PISTOL	U+1F52B
0304	FIRE	U+1F525
0305	CRYSTAL BALL	U+1F52E
0306	SIX POINTED STAR WITH MIDDLE DOT	U+1F52F
0307	VIDEO CAMERA	U+1F4F9
0308	HOCHO	U+1F52A
0309	ELECTRIC TORCH	U+1F526
0310	BATTERY	U+1F50B
0311	SCROLL	U+1F4DC
0312	ELECTRIC PLUG	U+1F50C
0313	GREEN BOOK	U+1F4D7
0314	BLUE BOOK	U+1F4D8
0315	ORANGE BOOK	U+1F4D9
0316	CLOSED BOOK	U+1F4D5
0317	BOOKS	U+1F4DA
0318	NAME BADGE	U+1F4DB
0319	BATH	U+1F6C0
0320	RESTROOM	U+1F6BB
0321	TOILET	U+1F6BD
0322	WATER CLOSET	U+1F6BE
0323	SYRINGE	U+1F489
0324	PILL	U+1F48A
0325	NEGATIVE SQUARED LATIN CAPITAL LETTER A	U+1F170
0326	NEGATIVE SQUARED LATIN CAPITAL LETTER B	U+1F171
0327	NEGATIVE SQUARED AB	U+1F18E
0328	NEGATIVE SQUARED LATIN CAPITAL LETTER O	U+1F17E
0329	RIBBON	U+1F380
0330	WRAPPED PRESENT	U+1F381
0331	BIRTHDAY CAKE	U+1F382
0332	CHRISTMAS TREE	U+1F384
0333	FATHER CHRISTMAS	U+1F385
0334	CROSSED FLAGS	U+1F38C
0335	FIREWORKS	U+1F386
0336	BALLOON	U+1F388
0337	PARTY POPPER	U+1F389
0338	PINE DECORATION	U+1F38D
0339	JAPANESE DOLLS	U+1F38E
0340	GRADUATION CAP	U+1F393
0341	SCHOOL SATCHEL	U+1F392
0342	CARP STREAMER	U+1F38F
0343	FIREWORK SPARKLER	U+1F387
0344	WIND CHIME	U+1F390
0345	JACKOLANTERN	U+1F383
0346	CONFETTI BALL	U+1F38A
0347	TANABATA TREE	U+1F38B
0348	PAGER	U+1F4DF
0349	BLACK TELEPHONE	U+260E
0350	TELEPHONE RECEIVER	U+1F4DE
0351	MOBILE PHONE	U+1F4F1
0352	MOBILE PHONE WITH RIGHTWARDS ARROW AT LEFT	U+1F4F2
0353	MEMO	U+1F4DD
0354	FAX MACHINE	U+1F4E0
0355	ENVELOPE	U+2709
0356	INCOMING ENVELOPE	U+1F4E8
0357	ENVELOPE WITH DOWNWARDS ARROW ABOVE	U+1F4E9
0358	CLOSED MAILBOX WITH LOWERED FLAG	U+1F4EA
0359	CLOSED MAILBOX WITH RAISED FLAG	U+1F4EB
0360	POSTBOX	U+1F4EE
0361	PUBLIC ADDRESS LOUDSPEAKER	U+1F4E2
0362	CHEERING MEGAPHONE	U+1F4E3
0363	SATELLITE ANTENNA	U+1F4E1
0364	SPEECH BALLOON	U+1F4AC
0365	OUTBOX TRAY	U+1F4E4
0366	INBOX TRAY	U+1F4E5
0367	PACKAGE	U+1F4E6
0368	BLACK NIB	U+2712
0369	SEAT	U+1F4BA
0370	PERSONAL COMPUTER	U+1F4BB
0371	PENCIL	U+270F
0372	PAPERCLIP	U+1F4CE
0373	BRIEFCASE	U+1F4BC
0374	MINIDISC	U+1F4BD
0375	FLOPPY DISK	U+1F4BE
0376	BLACK SCISSORS	U+2702
0377	ROUND PUSHPIN	U+1F4CD
0378	PAGE WITH CURL	U+1F4C3
0379	PAGE FACING UP	U+1F4C4
0380	CALENDAR	U+1F4C5
0381	FILE FOLDER	U+1F4C1
0382	OPEN FILE FOLDER	U+1F4C2
0383	NOTEBOOK	U+1F4D3
0384	OPEN BOOK	U+1F4D6
0385	NOTEBOOK WITH DECORATIVE COVER	U+1F4D4
0386	CLIPBOARD	U+1F4CB
0387	TEAROFF CALENDAR	U+1F4C6
0388	BAR CHART	U+1F4CA
0389	ir	U+1F4C8
0390	CHART WITH DOWNWARDS TREND	U+1F4C9
0391	CARD INDEX	U+1F4C7
0392	PUSHPIN	U+1F4CC
0393	LEDGER	U+1F4D2
0394	STRAIGHT RULER	U+1F4CF
0395	TRIANGULAR RULER	U+1F4D0
0396	BOOKMARK TABS	U+1F4D1
0397	FOOTPRINTS	U+1F463
0398	REGIONAL INDICATOR SYMBOL LETTER A	U+1F1E6
0399	REGIONAL INDICATOR SYMBOL LETTER B	U+1F1E7
0400	REGIONAL INDICATOR SYMBOL LETTER C	U+1F1E8
0401	REGIONAL INDICATOR SYMBOL LETTER D	U+1F1E9
0402	REGIONAL INDICATOR SYMBOL LETTER E	U+1F1EA
0403	REGIONAL INDICATOR SYMBOL LETTER F	U+1F1EB
0404	REGIONAL INDICATOR SYMBOL LETTER G	U+1F1EC
0405	REGIONAL INDICATOR SYMBOL LETTER H	U+1F1ED
0406	REGIONAL INDICATOR SYMBOL LETTER I	U+1F1EE
0407	REGIONAL INDICATOR SYMBOL LETTER J	U+1F1EF
0408	REGIONAL INDICATOR SYMBOL LETTER K	U+1F1F0
0409	REGIONAL INDICATOR SYMBOL LETTER L	U+1F1F1
0410	REGIONAL INDICATOR SYMBOL LETTER M	U+1F1F2
0411	REGIONAL INDICATOR SYMBOL LETTER N	U+1F1F3
0412	REGIONAL INDICATOR SYMBOL LETTER O	U+1F1F4
0413	REGIONAL INDICATOR SYMBOL LETTER P	U+1F1F5
0414	REGIONAL INDICATOR SYMBOL LETTER Q	U+1F1F6
0415	REGIONAL INDICATOR SYMBOL LETTER R	U+1F1F7
0416	REGIONAL INDICATOR SYMBOL LETTER S	U+1F1F8
0417	REGIONAL INDICATOR SYMBOL LETTER T	U+1F1F9
0418	REGIONAL INDICATOR SYMBOL LETTER U	U+1F1FA
0419	REGIONAL INDICATOR SYMBOL LETTER V	U+1F1FB
0420	REGIONAL INDICATOR SYMBOL LETTER W	U+1F1FC
0421	REGIONAL INDICATOR SYMBOL LETTER X	U+1F1FD
0422	REGIONAL INDICATOR SYMBOL LETTER Y	U+1F1FE
0423	REGIONAL INDICATOR SYMBOL LETTER Z	U+1F1FF
0424	RUNNING SHIRT WITH SASH	U+1F3BD
0425	BASEBALL	U+26BE
0426	FLAG IN HOLE	U+26F3
0427	TENNIS RACQUET AND BALL	U+1F3BE
0428	SOCCER BALL	U+26BD
0429	SKI AND SKI BOOT	U+1F3BF
0430	BASKETBALL AND HOOP	U+1F3C0
0431	CHEQUERED FLAG	U+1F3C1
0432	SNOWBOARDER	U+1F3C2
0433	RUNNER	U+1F3C3
0434	SURFER	U+1F3C4
0435	TROPHY	U+1F3C6
0436	HORSE	U+1F40E
0437	AMERICAN FOOTBALL	U+1F3C8
0438	SWIMMER	U+1F3CA
0439	RAILWAY CAR	U+1F683
0440	METRO	U+1F687
0441	CIRCLED LATIN CAPITAL LETTER M	U+24C2
0442	HIGHSPEED TRAIN	U+1F684
0443	HIGHSPEED TRAIN WITH BULLET NOSE	U+1F685
0444	AUTOMOBILE	U+1F697
0445	RECREATIONAL VEHICLE	U+1F699
0446	BUS	U+1F68C
0447	BUS STOP	U+1F68F
0448	SHIP	U+1F6A2
0449	AIRPLANE	U+2708
0450	SAILBOAT	U+26F5
0451	BICYCLE	U+1F6B2
0452	STATION	U+1F689
0453	ROCKET	U+1F680
0454	SPEEDBOAT	U+1F6A4
0455	TAXI	U+1F695
0456	PEDESTRIAN	U+1F6B6
0457	DELIVERY TRUCK	U+1F69A
0458	FIRE ENGINE	U+1F692
0459	AMBULANCE	U+1F691
0460	POLICE CAR	U+1F693
0461	FUEL PUMP	U+26FD
0462	NEGATIVE SQUARED LATIN CAPITAL LETTER P	U+1F17F
0463	HORIZONTAL TRAFFIC LIGHT	U+1F6A5
0464	CONSTRUCTION SIGN	U+1F6A7
0465	POLICE CARS REVOLVING LIGHT	U+1F6A8
0466	HOT SPRINGS	U+2668
0467	TENT	U+26FA
0468	CAROUSEL HORSE	U+1F3A0
0469	FERRIS WHEEL	U+1F3A1
0470	ROLLER COASTER	U+1F3A2
0471	FISHING POLE AND FISH	U+1F3A3
0472	MICROPHONE	U+1F3A4
0473	MOVIE CAMERA	U+1F3A5
0474	CINEMA	U+1F3A6
0475	HEADPHONE	U+1F3A7
0476	ARTIST PALETTE	U+1F3A8
0477	TOP HAT	U+1F3A9
0478	CIRCUS TENT	U+1F3AA
0479	TICKET	U+1F3AB
0480	CLAPPER BOARD	U+1F3AC
0481	PERFORMING ARTS	U+1F3AD
0482	VIDEO GAME	U+1F3AE
0483	MAHJONG TILE RED DRAGON	U+1F004
0484	DIRECT HIT	U+1F3AF
0485	SLOT MACHINE	U+1F3B0
0486	BILLIARDS	U+1F3B1
0487	GAME DIE	U+1F3B2
0488	BOWLING	U+1F3B3
0489	FLOWER PLAYING CARDS	U+1F3B4
0490	PLAYING CARD BLACK JOKER	U+1F0CF
0491	MUSICAL NOTE	U+1F3B5
0492	MULTIPLE MUSICAL NOTES	U+1F3B6
0493	SAXOPHONE	U+1F3B7
0494	GUITAR	U+1F3B8
0495	MUSICAL KEYBOARD	U+1F3B9
0496	TRUMPET	U+1F3BA
0497	VIOLIN	U+1F3BB
0498	MUSICAL SCORE	U+1F3BC
0499	PART ALTERNATION MARK	U+303D
0500	TELEVISION	U+1F4FA
0501	OPTICAL DISC	U+1F4BF
0502	DVD	U+1F4C0
0503	RADIO	U+1F4FB
0504	VIDEOCASSETTE	U+1F4FC
0505	SPEAKER WITH THREE SOUND WAVES	U+1F50A
0506	NEWSPAPER	U+1F4F0
0507	KISS MARK	U+1F48B
0508	LOVE LETTER	U+1F48C
0509	RING	U+1F48D
0510	GEM STONE	U+1F48E
0511	KISS	U+1F48F
0512	BOUQUET	U+1F490
0513	COUPLE WITH HEART	U+1F491
0514	WEDDING	U+1F492
0515	DOUBLE CURLY LOOP	U+27BF
0516	HASH KEY	U+0023-20E3
0517	KEYCAP 1	U+0031-20E3
0518	KEYCAP 2	U+0032-20E3
0519	KEYCAP 3	U+0033-20E3
0520	KEYCAP 4	U+0034-20E3
0521	KEYCAP 5	U+0035-20E3
0522	KEYCAP 6	U+0036-20E3
0523	KEYCAP 7	U+0037-20E3
0524	KEYCAP 8	U+0038-20E3
0525	KEYCAP 9	U+0039-20E3
0526	KEYCAP 0	U+0030-20E3
0527	ANTENNA WITH BARS	U+1F4F6
0528	VIBRATION MODE	U+1F4F3
0529	MOBILE PHONE OFF	U+1F4F4
0530	KEYCAP TEN	U+1F51F
0531	HAMBURGER	U+1F354
0532	RICE BALL	U+1F359
0533	SHORTCAKE	U+1F370
0534	STEAMING BOWL	U+1F35C
0535	BREAD	U+1F35E
0536	COOKING	U+1F373
0537	SOFT ICE CREAM	U+1F366
0538	FRENCH FRIES	U+1F35F
0539	DANGO	U+1F361
0540	RICE CRACKER	U+1F358
0541	COOKED RICE	U+1F35A
0542	SPAGHETTI	U+1F35D
0543	CURRY AND RICE	U+1F35B
0544	ODEN	U+1F362
0545	SUSHI	U+1F363
0546	BENTO BOX	U+1F371
0547	POT OF FOOD	U+1F372
0548	SHAVED ICE	U+1F367
0549	MEAT ON BONE	U+1F356
0550	FISH CAKE WITH SWIRL DESIGN	U+1F365
0551	ROASTED SWEET POTATO	U+1F360
0552	SLICE OF PIZZA	U+1F355
0553	POULTRY LEG	U+1F357
0554	ICE CREAM	U+1F368
0555	DOUGHNUT	U+1F369
0556	COOKIE	U+1F36A
0557	CHOCOLATE BAR	U+1F36B
0558	CANDY	U+1F36C
0559	LOLLIPOP	U+1F36D
0560	CUSTARD	U+1F36E
0561	HONEY POT	U+1F36F
0562	FRIED SHRIMP	U+1F364
0563	FORK AND KNIFE	U+1F374
0564	HOT BEVERAGE	U+2615
0565	COCKTAIL GLASS	U+1F378
0566	BEER MUG	U+1F37A
0567	TEACUP WITHOUT HANDLE	U+1F375
0568	SAKE BOTTLE AND CUP	U+1F376
0569	WINE GLASS	U+1F377
0570	CLINKING BEER MUGS	U+1F37B
0571	TROPICAL DRINK	U+1F379
0572	NORTH EAST ARROW	U+2197
0573	SOUTH EAST ARROW	U+2198
0574	NORTH WEST ARROW	U+2196
0575	SOUTH WEST ARROW	U+2199
0576	ARROW POINTING RIGHTWARDS THEN CURVING UPWARDS	U+2934
0577	ARROW POINTING RIGHTWARDS THEN CURVING DOWNWARDS	U+2935
0578	LEFT RIGHT ARROW	U+2194
0579	UP DOWN ARROW	U+2195
0580	UPWARDS BLACK ARROW	U+2B06
0581	DOWNWARDS BLACK ARROW	U+2B07
0582	BLACK RIGHTWARDS ARROW	U+27A1
0583	LEFTWARDS BLACK ARROW	U+2B05
0584	BLACK RIGHTPOINTING TRIANGLE	U+25B6
0585	BLACK LEFTPOINTING TRIANGLE	U+25C0
0586	BLACK RIGHTPOINTING DOUBLE TRIANGLE	U+23E9
0587	BLACK LEFTPOINTING DOUBLE TRIANGLE	U+23EA
0588	DOWNPOINTING SMALL RED TRIANGLE	U+1F53D
0589	UPPOINTING SMALL RED TRIANGLE	U+1F53C
0590	BLACK DOWNPOINTING DOUBLE TRIANGLE	U+23EC
0591	BLACK UPPOINTING DOUBLE TRIANGLE	U+23EB
0592	HEAVY EXCLAMATION MARK SYMBOL	U+2757
0593	EXCLAMATION QUESTION MARK	U+2049
0594	DOUBLE EXCLAMATION MARK	U+203C
0595	WAVY DASH	U+3030
0596	CURLY LOOP	U+27B0
0597	BLACK QUESTION MARK ORNAMENT	U+2753
0598	WHITE QUESTION MARK ORNAMENT	U+2754
0599	WHITE EXCLAMATION MARK ORNAMENT	U+2755
0600	HEAVY BLACK HEART	U+2764
0601	BEATING HEART	U+1F493
0602	BROKEN HEART	U+1F494
0603	TWO HEARTS	U+1F495
0604	SPARKLING HEART	U+1F496
0605	GROWING HEART	U+1F497
0606	HEART WITH ARROW	U+1F498
0607	BLUE HEART	U+1F499
0608	GREEN HEART	U+1F49A
0609	YELLOW HEART	U+1F49B
0610	PURPLE HEART	U+1F49C
0611	HEART WITH RIBBON	U+1F49D
0612	REVOLVING HEARTS	U+1F49E
0613	HEART DECORATION	U+1F49F
0614	BLACK HEART SUIT	U+2665
0615	BLACK SPADE SUIT	U+2660
0616	BLACK DIAMOND SUIT	U+2666
0617	BLACK CLUB SUIT	U+2663
0618	SMOKING SYMBOL	U+1F6AC
0619	NO SMOKING SYMBOL	U+1F6AD
0620	WHEELCHAIR SYMBOL	U+267F
0621	SQUARED FREE	U+1F193
0622	TRIANGULAR FLAG ON POST	U+1F6A9
0623	WARNING SIGN	U+26A0
0624	SQUARED KATAKANA KOKO	U+1F201
0625	NO ONE UNDER EIGHTEEN SYMBOL	U+1F51E
0626	NO ENTRY	U+26D4
0627	SQUARED OK	U+1F197
0628	SQUARED NG	U+1F196
0629	COPYRIGHT SIGN	U+00A9
0630	TRADE MARK SIGN	U+2122
0631	CIRCLED IDEOGRAPH SECRET	U+3299
0632	BLACK UNIVERSAL RECYCLING SYMBOL	U+267B
0633	REGISTERED SIGN	U+00AE
0634	SQUARED CJK UNIFIED IDEOGRAPH7981	U+1F232
0635	SQUARED CJK UNIFIED IDEOGRAPH7A7A	U+1F233
0636	SQUARED CJK UNIFIED IDEOGRAPH5408	U+1F234
0637	SQUARED CJK UNIFIED IDEOGRAPH6E80	U+1F235
0638	SQUARED VS	U+1F19A
0639	MENS SYMBOL	U+1F6B9
0640	WOMENS SYMBOL	U+1F6BA
0641	BABY SYMBOL	U+1F6BC
0642	SQUARED NEW	U+1F195
0643	SQUARED UP WITH EXCLAMATION MARK	U+1F199
0644	SQUARED COOL	U+1F192
0645	SQUARED CJK UNIFIED IDEOGRAPH6709	U+1F236
0646	SQUARED CJK UNIFIED IDEOGRAPH7121	U+1F21A
0647	SQUARED CJK UNIFIED IDEOGRAPH6708	U+1F237
0648	SQUARED CJK UNIFIED IDEOGRAPH7533	U+1F238
0649	CIRCLED IDEOGRAPH ADVANTAGE	U+1F250
0650	SQUARED CJK UNIFIED IDEOGRAPH5272	U+1F239
0651	SQUARED KATAKANA SA	U+1F202
0652	SQUARED CJK UNIFIED IDEOGRAPH6307	U+1F22F
0653	SQUARED CJK UNIFIED IDEOGRAPH55B6	U+1F23A
0654	TOP WITH UPWARDS ARROW ABOVE	U+1F51D
0655	CIRCLED IDEOGRAPH CONGRATULATION	U+3297
0656	HEAVY LARGE CIRCLE	U+2B55
0657	CROSS MARK	U+274C
0658	NEGATIVE SQUARED CROSS MARK	U+274E
0659	INFORMATION SOURCE	U+2139
0660	NO ENTRY SIGN	U+1F6AB
0661	HEAVY CHECK MARK	U+2714
0662	WHITE HEAVY CHECK MARK	U+2705
0663	LINK SYMBOL	U+1F517
0664	EM SPACE	U+2003
0665	EN SPACE	U+2002
0666	FOURPEREM SPACE	U+2005
0667	SQUARED SOS	U+1F198
0668	CIRCLED IDEOGRAPH ACCEPT	U+1F251
0669	HEAVY PLUS SIGN	U+2795
0670	HEAVY MINUS SIGN	U+2796
0671	HEAVY MULTIPLICATION X	U+2716
0672	HEAVY DIVISION SIGN	U+2797
0673	DIAMOND SHAPE WITH A DOT INSIDE	U+1F4A0
0674	ELECTRIC LIGHT BULB	U+1F4A1
0675	ANGER SYMBOL	U+1F4A2
0676	BOMB	U+1F4A3
0677	SLEEPING SYMBOL	U+1F4A4
0678	COLLISION SYMBOL	U+1F4A5
0679	SPLASHING SWEAT SYMBOL	U+1F4A6
0680	DROPLET	U+1F4A7
0681	DASH SYMBOL	U+1F4A8
0682	FLEXED BICEPS	U+1F4AA
0683	DIZZY SYMBOL	U+1F4AB
0684	SPARKLES	U+2728
0685	EIGHT POINTED BLACK STAR	U+2734
0686	EIGHT SPOKED ASTERISK	U+2733
0687	LARGE RED CIRCLE	U+1F534
0688	LARGE BLUE CIRCLE	U+1F535
0689	MEDIUM WHITE CIRCLE	U+26AA
0690	MEDIUM BLACK CIRCLE	U+26AB
0691	WHITE SQUARE BUTTON	U+1F533
0692	WHITE MEDIUM STAR	U+2B50
0693	GLOWING STAR	U+1F31F
0694	SHOOTING STAR	U+1F320
0695	WHITE LARGE SQUARE	U+2B1C
0696	BLACK LARGE SQUARE	U+2B1B
0697	WHITE SMALL SQUARE	U+25AB
0698	BLACK SMALL SQUARE	U+25AA
0699	WHITE MEDIUM SMALL SQUARE	U+25FD
0700	BLACK MEDIUM SMALL SQUARE	U+25FE
0701	WHITE MEDIUM SQUARE	U+25FB
0702	BLACK MEDIUM SQUARE	U+25FC
0703	LARGE ORANGE DIAMOND	U+1F536
0704	LARGE BLUE DIAMOND	U+1F537
0705	SMALL ORANGE DIAMOND	U+1F538
0706	SMALL BLUE DIAMOND	U+1F539
0707	SPARKLE	U+2747
0708	UPPOINTING RED TRIANGLE	U+1F53A
0709	DOWNPOINTING RED TRIANGLE	U+1F53B
0710	WHITE FLOWER	U+1F4AE
0711	HUNDRED POINTS SYMBOL	U+1F4AF
0712	INPUT SYMBOL FOR LATIN CAPITAL LETTERS	U+1F520
0713	INPUT SYMBOL FOR LATIN SMALL LETTERS	U+1F521
0714	INPUT SYMBOL FOR NUMBERS	U+1F522
0715	INPUT SYMBOL FOR SYMBOLS	U+1F523
0716	INPUT SYMBOL FOR LATIN LETTERS	U+1F524
0717	SQUARED ID	U+1F194
0718	KEY	U+1F511
0719	LEFTWARDS ARROW WITH HOOK	U+21A9
0720	SQUARED CL	U+1F191
0721	LEFTPOINTING MAGNIFYING GLASS	U+1F50D
0722	LOCK	U+1F512
0723	OPEN LOCK	U+1F513
0724	RIGHTWARDS ARROW WITH HOOK	U+21AA
0725	CLOSED LOCK WITH KEY	U+1F510
0726	BALLOT BOX WITH CHECK	U+2611
0727	RADIO BUTTON	U+1F518
0728	RIGHTPOINTING MAGNIFYING GLASS	U+1F50E
0729	BACK WITH LEFTWARDS ARROW ABOVE	U+1F519
0730	BOOKMARK	U+1F516
0731	LOCK WITH INK PEN	U+1F50F
0732	CLOCKWISE DOWNWARDS AND UPWARDS OPEN CIRCLE ARROWS	U+1F503
0733	EMAIL SYMBOL	U+1F4E7
0734	RAISED FIST	U+270A
0735	VICTORY HAND	U+270C
0736	RAISED HAND	U+270B
0737	FISTED HAND SIGN	U+1F44A
0738	THUMBS UP SIGN	U+1F44D
0739	WHITE UP POINTING INDEX	U+261D
0740	WHITE UP POINTING BACKHAND INDEX	U+1F446
0741	WHITE DOWN POINTING BACKHAND INDEX	U+1F447
0742	WHITE LEFT POINTING BACKHAND INDEX	U+1F448
0743	WHITE RIGHT POINTING BACKHAND INDEX	U+1F449
0744	WAVING HAND SIGN	U+1F44B
0745	CLAPPING HANDS SIGN	U+1F44F
0746	OK HAND SIGN	U+1F44C
0747	THUMBS DOWN SIGN	U+1F44E
0748	OPEN HANDS SIGN	U+1F450
0749	BLACK SQUARE BUTTON	U+1F532
