English	Alpha-2	Alpha-3	Numeric	Independent?
Afghanistan	AF	AFG	004	true
Åland Islands	AX	ALA	248	false
Albania	AL	ALB	008	true
Algeria	DZ	DZA	012	true
American Samoa	AS	ASM	016	false
Andorra	AD	AND	020	true
Angola	AO	AGO	024	true
Anguilla	AI	AIA	660	false
Antarctica	AQ	ATA	010	false
Antigua and Barbuda	AG	ATG	028	true
Argentina	AR	ARG	032	true
Armenia	AM	ARM	051	true
Aruba	AW	ABW	533	false
Australia	AU	AUS	036	true
Austria	AT	AUT	040	true
Azerbaijan	AZ	AZE	031	true
Bahamas	BS	BHS	044	true
Bahrain	BH	BHR	048	true
Bangladesh	BD	BGD	050	true
Barbados	BB	BRB	052	true
Belarus	BY	BLR	112	true
Belgium	BE	BEL	056	true
Belize	BZ	BLZ	084	true
Benin	BJ	BEN	204	true
Bermuda	BM	BMU	060	false
Bhutan	BT	BTN	064	true
Bolivia	BO	BOL	068	true
Bonaire, Sint Eustatius and Saba	BQ	BES	535	false
Bosnia and Herzegovina	BA	BIH	070	true
Botswana	BW	BWA	072	true
Bouvet Island	BV	BVT	074	false
Brazil	BR	BRA	076	true
British Indian Ocean Territory	IO	IOT	086	false
Brunei Darussalam	BN	BRN	096	true
Bulgaria	BG	BGR	100	true
Burkina Faso	BF	BFA	854	true
Burundi	BI	BDI	108	true
Cabo Verde	CV	CPV	132	true
Cambodia	KH	KHM	116	true
Cameroon	CM	CMR	120	true
Canada	CA	CAN	124	true
Cayman Islands	KY	CYM	136	true
Central Africa	CF	CAF	140	true
Chad	TD	TCD	148	true
Chile	CL	CHL	152	true
China	CN	CHN	156	true
Christmas Island	CX	CXR	162	false
Cocos (Keeling) Islands	CC	CCK	166	false
Colombia	CO	COL	170	true
Comoros	KM	COM	174	true
Congo	CD	COD	180	true
Congo	CG	COG	178	true
Cook Islands	CK	COK	184	false
Costa Rica	CR	CRI	188	true
Côte d’Ivoire	CI	CIV	384	true
Croatia	HR	HRV	191	true
Cuba	CU	CUB	192	true
Curaçao	CW	CUW	531	false
Cyprus	CY	CYP	196	true
Czechia	CZ	CZE	203	true
Denmark	DK	DNK	208	true
Djibouti	DJ	DJI	262	true
Dominica	DM	DMA	212	true
Dominican Republic	DO	DOM	214	true
Ecuador	EC	ECU	218	true
Egypt	EG	EGY	818	true
El Salvador	SV	SLV	222	true
Equatorial Guinea	GQ	GNQ	226	true
Eritrea	ER	ERI	232	true
Estonia	EE	EST	233	true
Ethiopia	ET	ETH	231	true
Falkland Islands (Malvinas)	FK	FLK	238	false
Faroe Islands	FO	FRO	234	false
Fiji	FJ	FJI	242	true
Finland	FI	FIN	246	true
France	FR	FRA	250	true
French Guiana	GF	GUF	254	false
French Polynesia	PF	PYF	258	false
French Southern Territories	TF	ATF	260	false
Gabon	GA	GAB	266	true
Gambia	GM	GMB	270	true
Georgia	GE	GEO	268	true
Germany	DE	DEU	276	true
Ghana	GH	GHA	288	true
Gibraltar	GI	GIB	292	true
Greece	GR	GRC	300	true
Greenland	GL	GRL	304	false
Grenada	GD	GRD	308	true
Guadeloupe	GP	GLP	312	false
Guam	GU	GUM	316	false
Guatemala	GT	GTM	320	true
Guernsey	GG	GGY	831	false
Guinea	GN	GIN	324	true
Guinea-Bissau	GW	GNB	624	true
Guyana	GY	GUY	328	true
Haiti	HT	HTI	332	true
Heard Island and McDonald Islands	HM	HMD	334	false
Holy See	VA	VAT	336	true
Honduras	HN	HND	340	true
Hong Kong	HK	HKG	344	false
Hungary	HU	HUN	348	true
Iceland	IS	ISL	352	true
India	IN	IND	356	true
Indonesia	ID	IDN	360	true
Iran	IR	IRN	364	true
Iraq	IQ	IRQ	368	true
Ireland	IE	IRL	372	true
Isle of Man	IM	IMN	833	false
Israel	IL	ISR	376	true
Italy	IT	ITA	380	true
Jamaica	JM	JAM	388	true
Japan	JP	JPN	392	true
Jersey	JE	JEY	832	false
Jordan	JO	JOR	400	true
Kazakhstan	KZ	KAZ	398	true
Kenya	KE	KEN	404	true
Kiribati	KI	KIR	296	true
Korea	KP	PRK	408	true
Korea	KR	KOR	410	true
Kuwait	KW	KWT	414	true
Kyrgyzstan	KG	KGZ	417	true
Laos	LA	LAO	418	true
Latvia	LV	LVA	428	true
Lebanon	LB	LBN	422	true
Lesotho	LS	LSO	426	true
Liberia	LR	LBR	430	true
Libya	LY	LBY	434	true
Liechtenstein	LI	LIE	438	true
Lithuania	LT	LTU	440	true
Luxembourg	LU	LUX	442	true
Macao	MO	MAC	446	false
Macedonia	MK	MKD	807	true
Madagascar	MG	MDG	450	true
Malawi	MW	MWI	454	true
Malaysia	MY	MYS	458	true
Maldives	MV	MDV	462	true
Mali	ML	MLI	466	true
Malta	MT	MLT	470	true
Marshall Islands	MH	MHL	584	true
Martinique	MQ	MTQ	474	false
Mauritania	MR	MRT	478	true
Mauritius	MU	MUS	480	true
Mayotte	YT	MYT	175	false
Mexico	MX	MEX	484	true
Micronesia	FM	FSM	583	true
Moldova	MD	MDA	498	true
Monaco	MC	MCO	492	true
Mongolia	MN	MNG	496	true
Montenegro	ME	MNE	499	true
Montserrat	MS	MSR	500	false
Morocco	MA	MAR	504	true
Mozambique	MZ	MOZ	508	true
Myanmar	MM	MMR	104	true
Namibia	NA	NAM	516	true
Nauru	NR	NRU	520	true
Nepal	NP	NPL	524	true
Netherlands	NL	NLD	528	true
New Caledonia	NC	NCL	540	false
New Zealand	NZ	NZL	554	true
Nicaragua	NI	NIC	558	true
Niger	NE	NER	562	true
Nigeria	NG	NGA	566	true
Niue	NU	NIU	570	false
Norfolk Island	NF	NFK	574	false
Northern Mariana Islands	MP	MNP	580	false
Norway	false	NOR	578	true
Oman	OM	OMN	512	true
Pakistan	PK	PAK	586	true
Palau	PW	PLW	585	true
Palestine	PS	PSE	275	false
Panama	PA	PAN	591	true
Papua New Guinea	PG	PNG	598	true
Paraguay	PY	PRY	600	true
Peru	PE	PER	604	true
Philippines	PH	PHL	608	true
Pitcairn	PN	PCN	612	false
Poland	PL	POL	616	true
Portugal	PT	PRT	620	true
Puerto Rico	PR	PRI	630	false
Qatar	QA	QAT	634	true
Réunion	RE	REU	638	false
Romania	RO	ROU	642	true
Russian Federation	RU	RUS	643	true
Rwanda	RW	RWA	646	true
Saint Barthélemy	BL	BLM	652	false
Saint Helena, Ascension and Tristan da Cunha	SH	SHN	654	false
Saint Kitts and Nevis	KN	KNA	659	true
Saint Lucia	LC	LCA	662	true
Saint Martin	MF	MAF	663	false
Saint Pierre and Miquelon	PM	SPM	666	false
Saint Vincent and the Grenadines	VC	VCT	670	true
Samoa	WS	WSM	882	true
San Marino	SM	SMR	674	true
Sao Tome and Principe	ST	STP	678	true
Saudi Arabia	SA	SAU	682	true
Senegal	SN	SEN	686	true
Serbia	RS	SRB	688	true
Seychelles	SC	SYC	690	true
Sierra Leone	SL	SLE	694	true
Singapore	SG	SGP	702	true
Sint Maarten	SX	SXM	534	false
Slovakia	SK	SVK	703	true
Slovenia	SI	SVN	705	true
Solomon Islands	SB	SLB	090	true
Somalia	SO	SOM	706	true
South Africa	ZA	ZAF	710	true
South Georgia and the South Sandwich Islands	GS	SGS	239	false
South Sudan	SS	SSD	728	true
Spain	ES	ESP	724	true
Sri Lanka	LK	LKA	144	true
Sudan	SD	SDN	729	true
Suriname	SR	SUR	740	true
Svalbard and Jan Mayen	SJ	SJM	744	false
Swaziland	SZ	SWZ	748	true
Sweden	SE	SWE	752	true
Switzerland	CH	CHE	756	true
Syria	SY	SYR	760	true
Taiwan	TW	TWN	158	false
Tajikistan	TJ	TJK	762	true
Tanzania	TZ	TZA	834	true
Thailand	TH	THA	764	true
Timor-Leste	TL	TLS	626	true
Togo	TG	TGO	768	true
Tokelau	TK	TKL	772	false
Tonga	TO	TON	776	true
Trinidad and Tobago	TT	TTO	780	true
Tunisia	TN	TUN	788	true
Turkey	TR	TUR	792	true
Turkmenistan	TM	TKM	795	true
Turks and Caicos Islands	TC	TCA	796	false
Tuvalu	TV	TUV	798	true
Uganda	UG	UGA	800	true
Ukraine	UA	UKR	804	true
United Arab Emirates	AE	ARE	784	true
United Kingdom of Great Britain and Northern Ireland	GB	GBR	826	true
United States Minor Outlying Islands	UM	UMI	581	false
United States of America	US	USA	840	true
Uruguay	UY	URY	858	true
Uzbekistan	UZ	UZB	860	true
Vanuatu	VU	VUT	548	true
Venezuela	VE	VEN	862	true
Viet Nam	VN	VNM	704	true
British Virgin Islands	VG	VGB	092	false
US Virgin Islands	VI	VIR	850	false
Wallis and Futuna	WF	WLF	876	false
Western Sahara	EH	ESH	732	false
Yemen	YE	YEM	887	true
Zambia	ZM	ZMB	894	true
Zimbabwe	ZW	ZWE	716	true
